{
  "bus": {
    "n2": {
      "terminal_names": [
        "1",
        "2",
        "3"
      ]
    },
    "n3": {
      "perfectly_grounded_terminals": [
        "4"
      ],
      "terminal_names": [
        "1",
        "2",
        "3",
        "4"
      ]
    },
    "n4": {
      "perfectly_grounded_terminals": [
        "4"
      ],
      "terminal_names": [
        "1",
        "2",
        "3",
        "4"
      ]
    },
    "sourcebus": {
      "perfectly_grounded_terminals": [
        "4"
      ],
      "terminal_names": [
        "1",
        "2",
        "3",
        "4"
      ]
    }
  },
  "line": {
    "line1": {
      "bus_from": "sourcebus",
      "bus_to": "n2",
      "length": 609.6,
      "linecode": "_line_line1",
      "terminal_map_from": [
        "1",
        "2",
        "3"
      ],
      "terminal_map_to": [
        "1",
        "2",
        "3"
      ]
    },
    "line2": {
      "bus_from": "n3",
      "bus_to": "n4",
      "length": 762.0,
      "linecode": "_line_line2",
      "terminal_map_from": [
        "1",
        "2",
        "3"
      ],
      "terminal_map_to": [
        "1",
        "2",
        "3"
      ]
    }
  },
  "linecode": {
    "_line_line1": {
      "B_from_1_1": 1.731586501978626e-6,
      "B_from_1_2": -3.710542504239913e-7,
      "B_from_1_3": -3.710542504239913e-7,
      "B_from_2_1": -3.710542504239913e-7,
      "B_from_2_2": 1.731586501978626e-6,
      "B_from_2_3": -3.710542504239913e-7,
      "B_from_3_1": -3.710542504239913e-7,
      "B_from_3_2": -3.710542504239913e-7,
      "B_from_3_3": 1.731586501978626e-6,
      "B_to_1_1": 1.731586501978626e-6,
      "B_to_1_2": -3.710542504239913e-7,
      "B_to_1_3": -3.710542504239913e-7,
      "B_to_2_1": -3.710542504239913e-7,
      "B_to_2_2": 1.731586501978626e-6,
      "B_to_2_3": -3.710542504239913e-7,
      "B_to_3_1": -3.710542504239913e-7,
      "B_to_3_2": -3.710542504239913e-7,
      "B_to_3_3": 1.731586501978626e-6,
      "G_from_1_1": 0.0,
      "G_from_1_2": 0.0,
      "G_from_1_3": 0.0,
      "G_from_2_1": 0.0,
      "G_from_2_2": 0.0,
      "G_from_2_3": 0.0,
      "G_from_3_1": 0.0,
      "G_from_3_2": 0.0,
      "G_from_3_3": 0.0,
      "G_to_1_1": 0.0,
      "G_to_1_2": 0.0,
      "G_to_1_3": 0.0,
      "G_to_2_1": 0.0,
      "G_to_2_2": 0.0,
      "G_to_2_3": 0.0,
      "G_to_3_1": 0.0,
      "G_to_3_2": 0.0,
      "G_to_3_3": 0.0,
      "R_series_1_1": 0.32195975503062113,
      "R_series_1_2": 0.13167104111986,
      "R_series_1_3": 0.13167104111986,
      "R_series_2_1": 0.13167104111986,
      "R_series_2_2": 0.32195975503062113,
      "R_series_2_3": 0.13167104111986,
      "R_series_3_1": 0.13167104111986,
      "R_series_3_2": 0.13167104111986,
      "R_series_3_3": 0.32195975503062113,
      "X_series_1_1": 0.7063648293963255,
      "X_series_1_2": 0.31069553805774275,
      "X_series_1_3": 0.31069553805774275,
      "X_series_2_1": 0.31069553805774275,
      "X_series_2_2": 0.7063648293963255,
      "X_series_2_3": 0.31069553805774275,
      "X_series_3_1": 0.31069553805774275,
      "X_series_3_2": 0.31069553805774275,
      "X_series_3_3": 0.7063648293963255,
      "i_max": [
        600.0,
        600.0,
        600.0
      ]
    },
    "_line_line2": {
      "B_from_1_1": 1.731586501978626e-6,
      "B_from_1_2": -3.710542504239913e-7,
      "B_from_1_3": -3.710542504239913e-7,
      "B_from_2_1": -3.710542504239913e-7,
      "B_from_2_2": 1.731586501978626e-6,
      "B_from_2_3": -3.710542504239913e-7,
      "B_from_3_1": -3.710542504239913e-7,
      "B_from_3_2": -3.710542504239913e-7,
      "B_from_3_3": 1.731586501978626e-6,
      "B_to_1_1": 1.731586501978626e-6,
      "B_to_1_2": -3.710542504239913e-7,
      "B_to_1_3": -3.710542504239913e-7,
      "B_to_2_1": -3.710542504239913e-7,
      "B_to_2_2": 1.731586501978626e-6,
      "B_to_2_3": -3.710542504239913e-7,
      "B_to_3_1": -3.710542504239913e-7,
      "B_to_3_2": -3.710542504239913e-7,
      "B_to_3_3": 1.731586501978626e-6,
      "G_from_1_1": 0.0,
      "G_from_1_2": 0.0,
      "G_from_1_3": 0.0,
      "G_from_2_1": 0.0,
      "G_from_2_2": 0.0,
      "G_from_2_3": 0.0,
      "G_from_3_1": 0.0,
      "G_from_3_2": 0.0,
      "G_from_3_3": 0.0,
      "G_to_1_1": 0.0,
      "G_to_1_2": 0.0,
      "G_to_1_3": 0.0,
      "G_to_2_1": 0.0,
      "G_to_2_2": 0.0,
      "G_to_2_3": 0.0,
      "G_to_3_1": 0.0,
      "G_to_3_2": 0.0,
      "G_to_3_3": 0.0,
      "R_series_1_1": 0.32195975503062113,
      "R_series_1_2": 0.13167104111986,
      "R_series_1_3": 0.13167104111986,
      "R_series_2_1": 0.13167104111986,
      "R_series_2_2": 0.32195975503062113,
      "R_series_2_3": 0.13167104111986,
      "R_series_3_1": 0.13167104111986,
      "R_series_3_2": 0.13167104111986,
      "R_series_3_3": 0.32195975503062113,
      "X_series_1_1": 0.7063648293963255,
      "X_series_1_2": 0.31069553805774275,
      "X_series_1_3": 0.31069553805774275,
      "X_series_2_1": 0.31069553805774275,
      "X_series_2_2": 0.7063648293963255,
      "X_series_2_3": 0.31069553805774275,
      "X_series_3_1": 0.31069553805774275,
      "X_series_3_2": 0.31069553805774275,
      "X_series_3_3": 0.7063648293963255,
      "i_max": [
        600.0,
        600.0,
        600.0
      ]
    }
  },
  "load": {
    "load1": {
      "bus": "n4",
      "configuration": "WYE",
      "p_nom": [
        1800000.0,
        1800000.0,
        1800000.0
      ],
      "q_nom": [
        871779.7887081346,
        871779.7887081346,
        871779.7887081346
      ],
      "terminal_map": [
        "1",
        "2",
        "3",
        "4"
      ]
    }
  },
  "meta": {
    "$schema": "https://github.com/frederikgeth/bmopf-report/tree/main/draft_schema_and_networks",
    "generator": {
      "tool": "powerio",
      "version": "0.2.4"
    }
  },
  "name": "4busDYBal",
  "transformer": {
    "delta_wye": {
      "t1": {
        "bus_from": "n2",
        "bus_to": "n3",
        "r_series": 0.028842666666666666,
        "s_rating": 6000000.0,
        "terminal_map_from": [
          "1",
          "2",
          "3"
        ],
        "terminal_map_to": [
          "1",
          "2",
          "3",
          "4"
        ],
        "v_ref_from": 12470.0,
        "v_ref_to": 4160.0,
        "x_series": 0.173056
      }
    }
  },
  "voltage_source": {
    "source": {
      "bus": "sourcebus",
      "terminal_map": [
        "1",
        "2",
        "3",
        "4"
      ],
      "v_angle": [
        0.0,
        -2.0943951023931953,
        2.0943951023931957,
        0.0
      ],
      "v_magnitude": [
        7199.557856794634,
        7199.557856794634,
        7199.557856794634,
        0.0
      ]
    }
  }
}
